DealerCode,Region,CompanyCode,CreatedOn,CreatedOnTime,Zone,DealerName,DealerCity,LicensePlateNumber,VIN,Status,ServiceType,ModelSalesCode,ModelSalesCodeDescription,Color,Mileage,OrderItem,LabPart,MaterialGroup,DescriptionOne,OrderQuantity,UnitPrice,NetValue,Tax,TotalValue,GrossValue,KeyField,IssueType,WarrantyContribution,InsuranceContribution,DiscountContribution
DL006,West,MG001,2024-02-24,00:00:00,West,MG Motors Pune,Pune,MH76BA1520,MZ7XZSN00100000,CLOSED,TYRE_REPLACE,ZSEV,MG ZS EV,Nordic Blue,83154.0,CBBCEBED-01,PART,SPARE,TYRE 205 55R16,1.0,4334.82,4334.82,780.27,5115.09,5115.09,WO-CBBCEBED,WTY,4710.7,0.0,173.07
DL006,West,MG001,2024-02-24,00:00:00,West,MG Motors Pune,Pune,DL72AB9928,MZ7XZSN00100000,CLOSED,TYRE_REPLACE,ZSEV,MG ZS EV,Nordic Blue,83154.0,CBBCEBED-02,LAB,LABOUR,LABOUR TYRE,1.0,308.94,308.94,55.61,364.55,364.55,WO-CBBCEBED,WTY,279.1,0.0,9.21
DL007,East,MG001,2024-01-22,11:24:00,East,MG Motors Kolkata,Kolkata,KA90BA6574,MZ7XZSR00100001,CLOSED,OIL_CHANGE,ZSEV,MG ZS EV,Aurora Silver,7500.0,84BA4822-01,PART,CONSUMABLE,OIL 5W30 4L,1.0,855.64,855.64,154.02,1009.66,1009.66,WO-84BA4822,WTY,970.07,0.0,38.31
DL007,East,MG001,2024-01-22,11:24:00,East,MG Motors Kolkata,Kolkata,MH12BA2584,MZ7XZSR00100001,CLOSED,OIL_CHANGE,ZSEV,MG ZS EV,Aurora Silver,7500.0,84BA4822-02,PART,FILTER,OIL FILTER,1.0,207.79,207.79,37.4,245.19,245.19,WO-84BA4822,WTY,187.47,0.0,9.36
DL007,East,MG001,2024-01-22,11:24:00,East,MG Motors Kolkata,Kolkata,DL94BA9785,MZ7XZSR00100001,CLOSED,OIL_CHANGE,ZSEV,MG ZS EV,Aurora Silver,7500.0,84BA4822-03,LAB,LABOUR,LABOUR OIL,1.0,371.8,371.8,66.92,438.72,438.72,WO-84BA4822,WTY,352.37,0.0,5.8
DL005,South,MG001,2024-01-09,00:36:00,South,MG Motors Hyderabad,Hyderabad,GJ74AB2139,MZ7XZSN00100002,CLOSED,OIL_CHANGE,ZSEV,MG ZS EV,Glaze Red,37500.0,93595AF0-01,PART,CONSUMABLE,OIL 5W30 4L,1.0,815.76,815.76,146.84,962.6,962.6,WO-93595AF0,PAID,0.0,56.44,30.26
DL005,South,MG001,2024-01-09,00:36:00,South,MG Motors Hyderabad,Hyderabad,MH30AA7227,MZ7XZSN00100002,CLOSED,OIL_CHANGE,ZSEV,MG ZS EV,Glaze Red,37500.0,93595AF0-02,PART,FILTER,OIL FILTER,1.0,184.58,184.58,33.22,217.8,217.8,WO-93595AF0,PAID,0.0,9.93,3.15
DL005,South,MG001,2024-01-09,00:36:00,South,MG Motors Hyderabad,Hyderabad,GJ46AB5374,MZ7XZSN00100002,CLOSED,OIL_CHANGE,ZSEV,MG ZS EV,Glaze Red,37500.0,93595AF0-03,LAB,LABOUR,LABOUR OIL,1.0,355.59,355.59,64.01,419.6,419.6,WO-93595AF0,PAID,0.0,53.35,7.65
DL002,West,MG001,2024-01-06,07:24:00,West,MG Motors Mumbai,Mumbai,WB35BB4598,MZ7XZSM00100003,CLOSED,OIL_CHANGE,ZSEV,MG ZS EV,Harbour Grey,187500.0,54CFBEEA-01,PART,CONSUMABLE,OIL 5W30 4L,1.0,834.23,834.23,150.16,984.39,984.39,WO-54CFBEEA,PAID,0.0,143.55,8.04
DL002,West,MG001,2024-01-06,07:24:00,West,MG Motors Mumbai,Mumbai,TN05AC7572,MZ7XZSM00100003,CLOSED,OIL_CHANGE,ZSEV,MG ZS EV,Harbour Grey,187500.0,54CFBEEA-02,PART,FILTER,OIL FILTER,1.0,248.46,248.46,44.72,293.18,293.18,WO-54CFBEEA,PAID,0.0,49.42,11.38
DL002,West,MG001,2024-01-06,07:24:00,West,MG Motors Mumbai,Mumbai,GJ28BA7482,MZ7XZSM00100003,CLOSED,OIL_CHANGE,ZSEV,MG ZS EV,Harbour Grey,187500.0,54CFBEEA-03,LAB,LABOUR,LABOUR OIL,1.0,353.55,353.55,63.64,417.19,417.19,WO-54CFBEEA,PAID,0.0,17.6,19.67
DL008,West,MG001,2024-01-27,03:24:00,West,MG Motors Ahmedabad,Ahmedabad,WB75BA6930,MZ7XZSM00100003,CLOSED,TYRE_ROTATION,ZSEV,MG ZS EV,Harbour Grey,190000.0,01F07035-01,LAB,LABOUR,LABOUR TYRE,1.0,227.93,227.93,41.03,268.96,268.96,WO-01F07035,WTY,248.38,0.0,7.25
DL003,South,MG001,2024-01-18,20:58:06,South,MG Motors Bangalore,Bangalore,MH20AB7916,MZ7XHER00100005,CLOSED,OIL_CHANGE,HECTOR,MG Hector,Starry Black,15000.0,8D05008B-01,PART,CONSUMABLE,OIL 5W30 4L,1.0,901.91,901.91,162.34,1064.25,1064.25,WO-8D05008B,PAID,0.0,19.35,2.51
DL003,South,MG001,2024-01-18,20:58:06,South,MG Motors Bangalore,Bangalore,PB68AC1188,MZ7XHER00100005,CLOSED,OIL_CHANGE,HECTOR,MG Hector,Starry Black,15000.0,8D05008B-02,PART,FILTER,OIL FILTER,1.0,239.64,239.64,43.14,282.78,282.78,WO-8D05008B,PAID,0.0,21.76,8.43
DL003,South,MG001,2024-01-18,20:58:06,South,MG Motors Bangalore,Bangalore,TS99AC2827,MZ7XHER00100005,CLOSED,OIL_CHANGE,HECTOR,MG Hector,Starry Black,15000.0,8D05008B-03,LAB,LABOUR,LABOUR OIL,1.0,436.06,436.06,78.49,514.55,514.55,WO-8D05008B,PAID,0.0,11.79,22.76
DL007,East,MG001,2024-01-13,08:24:00,East,MG Motors Kolkata,Kolkata,KA65AA5889,MZ7XHEM00100007,CLOSED,TYRE_ROTATION,HECTOR,MG Hector,Nordic Blue,40000.0,8B0385F5-01,LAB,LABOUR,LABOUR TYRE,1.0,200.65,200.65,36.12,236.77,236.77,WO-8B0385F5,WTY,217.03,0.0,8.52
DL004,South,MG001,2024-01-13,08:24:00,South,MG Motors Chennai,Chennai,DL77AC9005,MZ7XHEM00100007,CLOSED,FULL_SERVICE,HECTOR,MG Hector,Nordic Blue,40000.0,EAB3EA55-01,PART,CONSUMABLE,OIL 5W30 4L,1.0,952.5,952.5,171.45,1123.95,1123.95,WO-EAB3EA55,WTY,968.64,0.0,43.76
DL004,South,MG001,2024-01-13,08:24:00,South,MG Motors Chennai,Chennai,TS31AA4946,MZ7XHEM00100007,CLOSED,FULL_SERVICE,HECTOR,MG Hector,Nordic Blue,40000.0,EAB3EA55-02,PART,FILTER,OIL FILTER,1.0,181.95,181.95,32.75,214.7,214.7,WO-EAB3EA55,WTY,210.13,0.0,9.43
DL004,South,MG001,2024-01-13,08:24:00,South,MG Motors Chennai,Chennai,PB09BB3060,MZ7XHEM00100007,CLOSED,FULL_SERVICE,HECTOR,MG Hector,Nordic Blue,40000.0,EAB3EA55-03,PART,FILTER,AIR FILTER,1.0,663.4,663.4,119.41,782.81,782.81,WO-EAB3EA55,WTY,770.35,0.0,3.35
DL004,South,MG001,2024-01-13,08:24:00,South,MG Motors Chennai,Chennai,TS68BB7932,MZ7XHEM00100007,CLOSED,FULL_SERVICE,HECTOR,MG Hector,Nordic Blue,40000.0,EAB3EA55-04,PART,FILTER,FUEL FILTER,1.0,382.1,382.1,68.78,450.88,450.88,WO-EAB3EA55,WTY,379.9,0.0,12.39
DL004,South,MG001,2024-01-13,08:24:00,South,MG Motors Chennai,Chennai,TN92AC7537,MZ7XHEM00100007,CLOSED,FULL_SERVICE,HECTOR,MG Hector,Nordic Blue,40000.0,EAB3EA55-05,LAB,LABOUR,LABOUR FULL,1.0,1971.49,1971.49,354.87,2326.36,2326.36,WO-EAB3EA55,WTY,2276.75,0.0,87.85
DL006,West,MG001,2024-02-14,01:12:00,West,MG Motors Pune,Pune,GJ03BB4770,MZ7XZSP00100008,CLOSED,OIL_CHANGE,ZSEV,MG ZS EV,Pearl White,67500.0,73F119A0-01,PART,CONSUMABLE,OIL 5W30 4L,1.0,903.52,903.52,162.63,1066.15,1066.15,WO-73F119A0,WTY,785.01,0.0,11.98
DL006,West,MG001,2024-02-14,01:12:00,West,MG Motors Pune,Pune,DL30AA1514,MZ7XZSP00100008,CLOSED,OIL_CHANGE,ZSEV,MG ZS EV,Pearl White,67500.0,73F119A0-02,PART,FILTER,OIL FILTER,1.0,238.84,238.84,42.99,281.83,281.83,WO-73F119A0,WTY,197.89,0.0,9.97
DL006,West,MG001,2024-02-14,01:12:00,West,MG Motors Pune,Pune,PB28BB3167,MZ7XZSP00100008,CLOSED,OIL_CHANGE,ZSEV,MG ZS EV,Pearl White,67500.0,73F119A0-03,LAB,LABOUR,LABOUR OIL,1.0,471.93,471.93,84.95,556.88,556.88,WO-73F119A0,WTY,401.65,0.0,6.63
DL008,West,MG001,2024-02-08,21:07:12,West,MG Motors Ahmedabad,Ahmedabad,WB46BA7735,MZ7XGLP00100009,CLOSED,OIL_CHANGE,GLOSTER,MG Gloster,Aurora Silver,30000.0,E2558C15-01,PART,CONSUMABLE,OIL 5W30 4L,1.0,894.59,894.59,161.03,1055.62,1055.62,WO-E2558C15,WTY,867.84,0.0,4.98
DL008,West,MG001,2024-02-08,21:07:12,West,MG Motors Ahmedabad,Ahmedabad,MH08BA6559,MZ7XGLP00100009,CLOSED,OIL_CHANGE,GLOSTER,MG Gloster,Aurora Silver,30000.0,E2558C15-02,PART,FILTER,OIL FILTER,1.0,226.7,226.7,40.81,267.51,267.51,WO-E2558C15,WTY,245.77,0.0,9.01
DL008,West,MG001,2024-02-08,21:07:12,West,MG Motors Ahmedabad,Ahmedabad,PB18BA4006,MZ7XGLP00100009,CLOSED,OIL_CHANGE,GLOSTER,MG Gloster,Aurora Silver,30000.0,E2558C15-03,LAB,LABOUR,LABOUR OIL,1.0,460.12,460.12,82.82,542.94,542.94,WO-E2558C15,WTY,397.86,0.0,5.2
DL002,West,MG001,2024-02-08,21:07:12,West,MG Motors Mumbai,Mumbai,MH07BB1241,MZ7XGLP00100009,CLOSED,TYRE_ROTATION,GLOSTER,MG Gloster,Aurora Silver,30000.0,A914470E-01,LAB,LABOUR,LABOUR TYRE,1.0,384.65,384.65,69.24,453.89,453.89,WO-A914470E,WTY,378.06,0.0,19.55
DL004,South,MG001,2024-02-08,21:07:12,South,MG Motors Chennai,Chennai,DL22BA1035,MZ7XGLP00100009,CLOSED,AC_SERVICE,GLOSTER,MG Gloster,Aurora Silver,30000.0,61691779-01,PART,CONSUMABLE,AC GAS R134,1.0,745.69,745.69,134.22,879.91,879.91,WO-61691779,WTY,672.36,0.0,17.64
DL004,South,MG001,2024-02-08,21:07:12,South,MG Motors Chennai,Chennai,PB37BA8973,MZ7XGLP00100009,CLOSED,AC_SERVICE,GLOSTER,MG Gloster,Aurora Silver,30000.0,61691779-02,PART,FILTER,CABIN FILTER,1.0,795.59,795.59,143.21,938.8,938.8,WO-61691779,WTY,731.85,0.0,36.8
DL004,South,MG001,2024-02-08,21:07:12,South,MG Motors Chennai,Chennai,DL96AC1936,MZ7XGLP00100009,CLOSED,AC_SERVICE,GLOSTER,MG Gloster,Aurora Silver,30000.0,61691779-03,LAB,LABOUR,LABOUR AC,1.0,561.92,561.92,101.15,663.07,663.07,WO-61691779,WTY,523.17,0.0,32.12
